path,canonical_label,split_group,source_dataset,label_origin,true_label,pred_label,pred_confidence
D:\skripsi\Dataset\The IQ-OTHNCCD lung cancer dataset ( Hamdalla F. Al-Yasriy )\Normal cases\Normal case (10).jpg,Normal,KAGGLE::The IQ-OTHNCCD lung cancer dataset ( Hamdalla F. Al-Yasriy )|Normal cases::10,Kaggle::The IQ-OTHNCCD lung cancer dataset ( Hamdalla F. Al-Yasriy ),folder,Normal,Benign,0.6253832221031189
D:\skripsi\Dataset\CT Scan Images for Lung Cancer (Dishan rathi20)\Data\train\Bengin cases\Bengin case (33).jpg,Benign,KAGGLE::CT Scan Images for Lung Cancer (Dishan rathi20)|Data/train/Bengin cases::33,Kaggle::CT Scan Images for Lung Cancer (Dishan rathi20),folder,Benign,Normal,0.7030695617198944
D:\skripsi\Dataset\CT Scan Images for Lung Cancer (Dishan rathi20)\Data\train\Bengin cases\Bengin case (32).jpg,Benign,KAGGLE::CT Scan Images for Lung Cancer (Dishan rathi20)|Data/train/Bengin cases::32,Kaggle::CT Scan Images for Lung Cancer (Dishan rathi20),folder,Benign,Normal,0.8382383823394777
D:\skripsi\Dataset\CT Scan Images for Lung Cancer (Dishan rathi20)\Data\train\Malignant cases\Malignant case (108).jpg,Malignant,KAGGLE::CT Scan Images for Lung Cancer (Dishan rathi20)|Data/train/Malignant cases::108,Kaggle::CT Scan Images for Lung Cancer (Dishan rathi20),folder,Malignant,Benign,0.5567567944526672
D:\skripsi\Dataset\CT Scan Images for Lung Cancer (Dishan rathi20)\Data\train\Malignant cases\Malignant case (417).jpg,Malignant,KAGGLE::CT Scan Images for Lung Cancer (Dishan rathi20)|Data/train/Malignant cases::417,Kaggle::CT Scan Images for Lung Cancer (Dishan rathi20),folder,Malignant,Normal,0.5824691295623781
D:\skripsi\Dataset\CT Scan Images for Lung Cancer (Dishan rathi20)\Data\test\normal\Normal case (38).jpg,Normal,KAGGLE::CT Scan Images for Lung Cancer (Dishan rathi20)|Data/test/normal::38,Kaggle::CT Scan Images for Lung Cancer (Dishan rathi20),folder,Normal,Benign,0.7571463942527771
D:\skripsi\Dataset\CT Scan Images for Lung Cancer (Dishan rathi20)\Data\train\normal\Normal case (399).jpg,Normal,KAGGLE::CT Scan Images for Lung Cancer (Dishan rathi20)|Data/train/normal::399,Kaggle::CT Scan Images for Lung Cancer (Dishan rathi20),folder,Normal,Benign,0.6835528433322907
D:\skripsi\Dataset\CT Scan Images for Lung Cancer (Dishan rathi20)\Data\test\normal\Normal case (48).jpg,Normal,KAGGLE::CT Scan Images for Lung Cancer (Dishan rathi20)|Data/test/normal::48,Kaggle::CT Scan Images for Lung Cancer (Dishan rathi20),folder,Normal,Benign,0.5627932697534561
D:\skripsi\Dataset\CT Scan Images for Lung Cancer (Dishan rathi20)\Data\test\normal\Normal case (33).jpg,Normal,KAGGLE::CT Scan Images for Lung Cancer (Dishan rathi20)|Data/test/normal::33,Kaggle::CT Scan Images for Lung Cancer (Dishan rathi20),folder,Normal,Benign,0.7085501551628113
D:\skripsi\Dataset\The IQ-OTHNCCD lung cancer dataset ( Hamdalla F. Al-Yasriy )\Bengin cases\Bengin case (89).jpg,Benign,KAGGLE::The IQ-OTHNCCD lung cancer dataset ( Hamdalla F. Al-Yasriy )|Bengin cases::89,Kaggle::The IQ-OTHNCCD lung cancer dataset ( Hamdalla F. Al-Yasriy ),folder,Benign,Normal,0.8241370320320129
D:\skripsi\Dataset\The IQ-OTHNCCD lung cancer dataset ( Hamdalla F. Al-Yasriy )\Bengin cases\Bengin case (103).jpg,Benign,KAGGLE::The IQ-OTHNCCD lung cancer dataset ( Hamdalla F. Al-Yasriy )|Bengin cases::103,Kaggle::The IQ-OTHNCCD lung cancer dataset ( Hamdalla F. Al-Yasriy ),folder,Benign,Normal,0.5139484167098999
D:\skripsi\Dataset\CT Scan Images of Lung Cancer Patients.(MD. NAFEES IMTIAZ)\Normal cases\Normal cases (76).png,Normal,KAGGLE::CT Scan Images of Lung Cancer Patients.(MD. NAFEES IMTIAZ)|Normal cases::76,Kaggle::CT Scan Images of Lung Cancer Patients.(MD. NAFEES IMTIAZ),folder,Normal,Malignant,0.7893022894859315
D:\skripsi\Dataset\Chest CT-Scan images Dataset (Mohamed Hany)\train\normal\19 - Copy (2).png,Normal,KAGGLE::Chest CT-Scan images Dataset (Mohamed Hany)|train/normal::19,Kaggle::Chest CT-Scan images Dataset (Mohamed Hany),folder,Normal,Malignant,0.5450552880764008
D:\skripsi\Dataset\CT Scan Images for Lung Cancer (Dishan rathi20)\Data\train\squamous.cell.carcinoma_left.hilum_T1_N2_M0_IIIa\sq2.png,Malignant,KAGGLE::CT Scan Images for Lung Cancer (Dishan rathi20)|Data/train/squamous.cell.carcinoma_left.hilum_T1_N2_M0_IIIa::2,Kaggle::CT Scan Images for Lung Cancer (Dishan rathi20),folder,Malignant,Normal,0.7340851664543152
D:\skripsi\Dataset\lidc-idri-images-full\Benign\1.3.6.1.4.1.14519.5.2.1.6279.6001.102133688497886810253331438797.png,Benign,LIDC::LIDC-IDRI-0830,LIDC-IDRI,radiolog+patologi,Benign,Malignant,0.4988175183534623
D:\skripsi\Dataset\lidc-idri-images-full\Malignant\1.3.6.1.4.1.14519.5.2.1.6279.6001.118140393257625250121502185026.png,Malignant,LIDC::LIDC-IDRI-0973,LIDC-IDRI,radiolog+patologi,Malignant,Benign,0.8400356888771058
D:\skripsi\Dataset\lidc-idri-images-full\Malignant\1.3.6.1.4.1.14519.5.2.1.6279.6001.121108220866971173712229588402.png,Malignant,LIDC::LIDC-IDRI-0350,LIDC-IDRI,radiolog+patologi,Malignant,Benign,0.5827343136072158
D:\skripsi\Dataset\lidc-idri-images-full\Malignant\1.3.6.1.4.1.14519.5.2.1.6279.6001.127965161564033605177803085629.png,Malignant,LIDC::LIDC-IDRI-0262,LIDC-IDRI,radiolog+patologi,Malignant,Normal,0.41236478090286255
D:\skripsi\Dataset\lidc-idri-images-full\Malignant\1.3.6.1.4.1.14519.5.2.1.6279.6001.132435134414676494105851714351.png,Malignant,LIDC::LIDC-IDRI-0484,LIDC-IDRI,radiolog+patologi,Malignant,Benign,0.8210413098335266
D:\skripsi\Dataset\lidc-idri-images-full\Malignant\1.3.6.1.4.1.14519.5.2.1.6279.6001.133132722052053001903031735878.png,Malignant,LIDC::LIDC-IDRI-0638,LIDC-IDRI,radiolog+patologi,Malignant,Benign,0.6076058387756348
D:\skripsi\Dataset\lidc-idri-images-full\Malignant\1.3.6.1.4.1.14519.5.2.1.6279.6001.138813197521718693188313387015.png,Malignant,LIDC::LIDC-IDRI-0041,LIDC-IDRI,radiolog+patologi,Malignant,Benign,0.7094506859779359
D:\skripsi\Dataset\lidc-idri-images-full\Malignant\1.3.6.1.4.1.14519.5.2.1.6279.6001.142154819868944114554521645782.png,Malignant,LIDC::LIDC-IDRI-0821,LIDC-IDRI,radiolog+patologi,Malignant,Normal,0.5249253630638123
D:\skripsi\Dataset\lidc-idri-images-full\Malignant\1.3.6.1.4.1.14519.5.2.1.6279.6001.143622857676008763729469324839.png,Malignant,LIDC::LIDC-IDRI-0094,LIDC-IDRI,radiolog+patologi,Malignant,Benign,0.7102926135063171
D:\skripsi\Dataset\lidc-idri-images-full\Malignant\1.3.6.1.4.1.14519.5.2.1.6279.6001.145600217263993824806929968211.png,Malignant,LIDC::LIDC-IDRI-0484,LIDC-IDRI,radiolog+patologi,Malignant,Benign,0.7121595144271851
D:\skripsi\Dataset\lidc-idri-images-full\Malignant\1.3.6.1.4.1.14519.5.2.1.6279.6001.145759169833745025756371695397.png,Malignant,LIDC::LIDC-IDRI-0695,LIDC-IDRI,radiolog+patologi,Malignant,Benign,0.5438307106494904
D:\skripsi\Dataset\lidc-idri-images-full\Benign\1.3.6.1.4.1.14519.5.2.1.6279.6001.146429221666426688999739595820.png,Benign,LIDC::LIDC-IDRI-0621,LIDC-IDRI,radiolog+patologi,Benign,Normal,0.6332396864891052
D:\skripsi\Dataset\lidc-idri-images-full\Malignant\1.3.6.1.4.1.14519.5.2.1.6279.6001.146987333806092287055399155268.png,Malignant,LIDC::LIDC-IDRI-0089,LIDC-IDRI,radiolog+patologi,Malignant,Benign,0.7068043231964112
D:\skripsi\Dataset\lidc-idri-images-full\Malignant\1.3.6.1.4.1.14519.5.2.1.6279.6001.167661207884826429102690781600.png,Malignant,LIDC::LIDC-IDRI-0776,LIDC-IDRI,radiolog+patologi,Malignant,Benign,0.8983212232589723
D:\skripsi\Dataset\lidc-idri-images-full\Malignant\1.3.6.1.4.1.14519.5.2.1.6279.6001.170344311940983984999167745197.png,Malignant,LIDC::LIDC-IDRI-0355,LIDC-IDRI,radiolog+patologi,Malignant,Benign,0.7062903702259065
D:\skripsi\Dataset\lidc-idri-images-full\Malignant\1.3.6.1.4.1.14519.5.2.1.6279.6001.173931884906244951746140865701.png,Malignant,LIDC::LIDC-IDRI-0211,LIDC-IDRI,radiolog+patologi,Malignant,Benign,0.7362455368041991
D:\skripsi\Dataset\lidc-idri-images-full\Malignant\1.3.6.1.4.1.14519.5.2.1.6279.6001.177685820605315926524514718990.png,Malignant,LIDC::LIDC-IDRI-0036,LIDC-IDRI,radiolog+patologi,Malignant,Benign,0.529778116941452
D:\skripsi\Dataset\lidc-idri-images-full\Malignant\1.3.6.1.4.1.14519.5.2.1.6279.6001.187108608022306504546286626125.png,Malignant,LIDC::LIDC-IDRI-0068,LIDC-IDRI,radiolog+patologi,Malignant,Benign,0.4781351149082184
D:\skripsi\Dataset\lidc-idri-images-full\Malignant\1.3.6.1.4.1.14519.5.2.1.6279.6001.187694838527128312070807533473.png,Malignant,LIDC::LIDC-IDRI-0521,LIDC-IDRI,radiolog+patologi,Malignant,Benign,0.938463020324707
D:\skripsi\Dataset\lidc-idri-images-full\Malignant\1.3.6.1.4.1.14519.5.2.1.6279.6001.190298296009658115773239776160.png,Malignant,LIDC::LIDC-IDRI-0618,LIDC-IDRI,radiolog+patologi,Malignant,Benign,0.5538232326507568
D:\skripsi\Dataset\lidc-idri-images-full\Malignant\1.3.6.1.4.1.14519.5.2.1.6279.6001.195557219224169985110295082004.png,Malignant,LIDC::LIDC-IDRI-0686,LIDC-IDRI,radiolog+patologi,Malignant,Benign,0.6179317593574525
D:\skripsi\Dataset\lidc-idri-images-full\Malignant\1.3.6.1.4.1.14519.5.2.1.6279.6001.195913706607582347421429908613.png,Malignant,LIDC::LIDC-IDRI-0200,LIDC-IDRI,radiolog+patologi,Malignant,Benign,0.8498615026474
D:\skripsi\Dataset\lidc-idri-images-full\Benign\1.3.6.1.4.1.14519.5.2.1.6279.6001.199171741859530285887752432478.png,Benign,LIDC::LIDC-IDRI-0851,LIDC-IDRI,radiolog+patologi,Benign,Malignant,0.6265920639038086
D:\skripsi\Dataset\lidc-idri-images-full\Benign\1.3.6.1.4.1.14519.5.2.1.6279.6001.204287915902811325371247860532.png,Benign,LIDC::LIDC-IDRI-0083,LIDC-IDRI,radiolog+patologi,Benign,Malignant,0.616991662979126
D:\skripsi\Dataset\lidc-idri-images-full\Malignant\1.3.6.1.4.1.14519.5.2.1.6279.6001.208511362832825683639135205368.png,Malignant,LIDC::LIDC-IDRI-0698,LIDC-IDRI,radiolog+patologi,Malignant,Benign,0.47285886704921726
D:\skripsi\Dataset\lidc-idri-images-full\Malignant\1.3.6.1.4.1.14519.5.2.1.6279.6001.214800939017429618305208626314.png,Malignant,LIDC::LIDC-IDRI-0870,LIDC-IDRI,radiolog+patologi,Malignant,Benign,0.5556495249271394
D:\skripsi\Dataset\lidc-idri-images-full\Benign\1.3.6.1.4.1.14519.5.2.1.6279.6001.219281726101239572270900838145.png,Benign,LIDC::LIDC-IDRI-0840,LIDC-IDRI,radiolog+patologi,Benign,Malignant,0.5091576427221298
D:\skripsi\Dataset\lidc-idri-images-full\Malignant\1.3.6.1.4.1.14519.5.2.1.6279.6001.219428004988664846407984058588.png,Malignant,LIDC::LIDC-IDRI-0164,LIDC-IDRI,radiolog+patologi,Malignant,Benign,0.5953464031219483
D:\skripsi\Dataset\lidc-idri-images-full\Malignant\1.3.6.1.4.1.14519.5.2.1.6279.6001.220596530836092324070084384692.png,Malignant,LIDC::LIDC-IDRI-0811,LIDC-IDRI,radiolog+patologi,Malignant,Benign,0.6751816868782043
D:\skripsi\Dataset\lidc-idri-images-full\Malignant\1.3.6.1.4.1.14519.5.2.1.6279.6001.222052723822248889877676736332.png,Malignant,LIDC::LIDC-IDRI-0844,LIDC-IDRI,radiolog+patologi,Malignant,Benign,0.6067978262901307
D:\skripsi\Dataset\lidc-idri-images-full\Malignant\1.3.6.1.4.1.14519.5.2.1.6279.6001.225227615446398900698431118292.png,Malignant,LIDC::LIDC-IDRI-0838,LIDC-IDRI,radiolog+patologi,Malignant,Benign,0.5859854698181153
D:\skripsi\Dataset\lidc-idri-images-full\Malignant\1.3.6.1.4.1.14519.5.2.1.6279.6001.226456162308124493341905600418.png,Malignant,LIDC::LIDC-IDRI-0660,LIDC-IDRI,radiolog+patologi,Malignant,Benign,0.782125997543335
D:\skripsi\Dataset\lidc-idri-images-full\Benign\1.3.6.1.4.1.14519.5.2.1.6279.6001.226813447046845316215094488309.png,Benign,LIDC::LIDC-IDRI-0442,LIDC-IDRI,radiolog+patologi,Benign,Malignant,0.8663889169692994
D:\skripsi\Dataset\lidc-idri-images-full\Malignant\1.3.6.1.4.1.14519.5.2.1.6279.6001.227962600322799211676960828223.png,Malignant,LIDC::LIDC-IDRI-0015,LIDC-IDRI,radiolog+patologi,Malignant,Benign,0.348812235891819
D:\skripsi\Dataset\lidc-idri-images-full\Malignant\1.3.6.1.4.1.14519.5.2.1.6279.6001.228511122591230092662900221600.png,Malignant,LIDC::LIDC-IDRI-0067,LIDC-IDRI,radiolog+patologi,Malignant,Benign,0.7147017121315002
D:\skripsi\Dataset\lidc-idri-images-full\Malignant\1.3.6.1.4.1.14519.5.2.1.6279.6001.230180665627287711381156820813.png,Malignant,LIDC::LIDC-IDRI-0980,LIDC-IDRI,radiolog+patologi,Malignant,Normal,0.396609565615654
D:\skripsi\Dataset\lidc-idri-images-full\Malignant\1.3.6.1.4.1.14519.5.2.1.6279.6001.245181799370098278918756923992.png,Malignant,LIDC::LIDC-IDRI-0267,LIDC-IDRI,radiolog+patologi,Malignant,Benign,0.5686529099941253
D:\skripsi\Dataset\lidc-idri-images-full\Malignant\1.3.6.1.4.1.14519.5.2.1.6279.6001.249404938669582150398726875826.png,Malignant,LIDC::LIDC-IDRI-0144,LIDC-IDRI,radiolog+patologi,Malignant,Benign,0.581186044216156
D:\skripsi\Dataset\lidc-idri-images-full\Malignant\1.3.6.1.4.1.14519.5.2.1.6279.6001.250863365157630276148828903732.png,Malignant,LIDC::LIDC-IDRI-0048,LIDC-IDRI,radiolog+patologi,Malignant,Benign,0.6274761855602264
D:\skripsi\Dataset\lidc-idri-images-full\Benign\1.3.6.1.4.1.14519.5.2.1.6279.6001.254957696184671649675053562027.png,Benign,LIDC::LIDC-IDRI-0419,LIDC-IDRI,radiolog+patologi,Benign,Normal,0.5944992065429687
D:\skripsi\Dataset\lidc-idri-images-full\Benign\1.3.6.1.4.1.14519.5.2.1.6279.6001.259124675432205040899951626253.png,Benign,LIDC::LIDC-IDRI-0789,LIDC-IDRI,radiolog+patologi,Benign,Malignant,0.6155270278453827
D:\skripsi\Dataset\lidc-idri-images-full\Malignant\1.3.6.1.4.1.14519.5.2.1.6279.6001.267957701183569638795986183786.png,Malignant,LIDC::LIDC-IDRI-0141,LIDC-IDRI,radiolog+patologi,Malignant,Benign,0.859005355834961
D:\skripsi\Dataset\lidc-idri-images-full\Malignant\1.3.6.1.4.1.14519.5.2.1.6279.6001.270152671889301412052226973069.png,Malignant,LIDC::LIDC-IDRI-0552,LIDC-IDRI,radiolog+patologi,Malignant,Benign,0.4909018576145172
D:\skripsi\Dataset\lidc-idri-images-full\Malignant\1.3.6.1.4.1.14519.5.2.1.6279.6001.270390050141765094612147226290.png,Malignant,LIDC::LIDC-IDRI-0244,LIDC-IDRI,radiolog+patologi,Malignant,Benign,0.7234033644199372
D:\skripsi\Dataset\lidc-idri-images-full\Malignant\1.3.6.1.4.1.14519.5.2.1.6279.6001.270951128717816232360812849541.png,Malignant,LIDC::LIDC-IDRI-0682,LIDC-IDRI,radiolog+patologi,Malignant,Benign,0.6724487006664277
D:\skripsi\Dataset\lidc-idri-images-full\Malignant\1.3.6.1.4.1.14519.5.2.1.6279.6001.271181474656996637903928248007.png,Malignant,LIDC::LIDC-IDRI-0527,LIDC-IDRI,radiolog+patologi,Malignant,Benign,0.561919629573822
D:\skripsi\Dataset\lidc-idri-images-full\Malignant\1.3.6.1.4.1.14519.5.2.1.6279.6001.272348349298439120568330857680.png,Malignant,LIDC::LIDC-IDRI-0007,LIDC-IDRI,radiolog+patologi,Malignant,Benign,0.483378803730011
D:\skripsi\Dataset\lidc-idri-images-full\Malignant\1.3.6.1.4.1.14519.5.2.1.6279.6001.292057261351416339496913597985.png,Malignant,LIDC::LIDC-IDRI-0565,LIDC-IDRI,radiolog+patologi,Malignant,Benign,0.8074669718742371
D:\skripsi\Dataset\lidc-idri-images-full\Malignant\1.3.6.1.4.1.14519.5.2.1.6279.6001.294120933998772507043263238704.png,Malignant,LIDC::LIDC-IDRI-0135,LIDC-IDRI,radiolog+patologi,Malignant,Benign,0.9195250988006592
D:\skripsi\Dataset\lidc-idri-images-full\Malignant\1.3.6.1.4.1.14519.5.2.1.6279.6001.294188507421106424248264912111.png,Malignant,LIDC::LIDC-IDRI-0312,LIDC-IDRI,radiolog+patologi,Malignant,Benign,0.5773298203945161
D:\skripsi\Dataset\lidc-idri-images-full\Malignant\1.3.6.1.4.1.14519.5.2.1.6279.6001.295420274214095686326263147663.png,Malignant,LIDC::LIDC-IDRI-0394,LIDC-IDRI,radiolog+patologi,Malignant,Benign,0.643131709098816
D:\skripsi\Dataset\lidc-idri-images-full\Malignant\1.3.6.1.4.1.14519.5.2.1.6279.6001.297964221542942838344351735414.png,Malignant,LIDC::LIDC-IDRI-0720,LIDC-IDRI,radiolog+patologi,Malignant,Benign,0.5600902080535889
D:\skripsi\Dataset\lidc-idri-images-full\Malignant\1.3.6.1.4.1.14519.5.2.1.6279.6001.305858704835252413616501469037.png,Malignant,LIDC::LIDC-IDRI-0409,LIDC-IDRI,radiolog+patologi,Malignant,Benign,0.5818797916173936
D:\skripsi\Dataset\lidc-idri-images-full\Malignant\1.3.6.1.4.1.14519.5.2.1.6279.6001.309955999522338651429118207446.png,Malignant,LIDC::LIDC-IDRI-0858,LIDC-IDRI,radiolog+patologi,Malignant,Benign,0.5304352417588235
D:\skripsi\Dataset\lidc-idri-images-full\Malignant\1.3.6.1.4.1.14519.5.2.1.6279.6001.313835996725364342034830119490.png,Malignant,LIDC::LIDC-IDRI-0939,LIDC-IDRI,radiolog+patologi,Malignant,Benign,0.5808814644813538
D:\skripsi\Dataset\lidc-idri-images-full\Malignant\1.3.6.1.4.1.14519.5.2.1.6279.6001.325164338773720548739146851679.png,Malignant,LIDC::LIDC-IDRI-0837,LIDC-IDRI,radiolog+patologi,Malignant,Benign,0.7534155249595642
D:\skripsi\Dataset\lidc-idri-images-full\Malignant\1.3.6.1.4.1.14519.5.2.1.6279.6001.329326052298830421573852261436.png,Malignant,LIDC::LIDC-IDRI-0680,LIDC-IDRI,radiolog+patologi,Malignant,Benign,0.6522549152374267
D:\skripsi\Dataset\lidc-idri-images-full\Benign\1.3.6.1.4.1.14519.5.2.1.6279.6001.332829333783605240302521201463.png,Benign,LIDC::LIDC-IDRI-0039,LIDC-IDRI,radiolog+patologi,Benign,Malignant,0.6193574666976929
D:\skripsi\Dataset\lidc-idri-images-full\Malignant\1.3.6.1.4.1.14519.5.2.1.6279.6001.397062004302272014259317520874.png,Malignant,LIDC::LIDC-IDRI-1006,LIDC-IDRI,radiolog+patologi,Malignant,Benign,0.7724569201469422
D:\skripsi\Dataset\lidc-idri-images-full\Malignant\1.3.6.1.4.1.14519.5.2.1.6279.6001.511347030803753100045216493273.png,Malignant,LIDC::LIDC-IDRI-0044,LIDC-IDRI,radiolog+patologi,Malignant,Benign,0.6881061732769013
D:\skripsi\Dataset\lidc-idri-images-full\Malignant\1.3.6.1.4.1.14519.5.2.1.6279.6001.592821488053137951302246128864.png,Malignant,LIDC::LIDC-IDRI-0896,LIDC-IDRI,radiolog+patologi,Malignant,Benign,0.5517419934272767
D:\skripsi\Dataset\lidc-idri-images-full\Malignant\1.3.6.1.4.1.14519.5.2.1.6279.6001.608029415915051219877530734559.png,Malignant,LIDC::LIDC-IDRI-0483,LIDC-IDRI,radiolog+patologi,Malignant,Benign,0.6901802539825439
D:\skripsi\Dataset\lidc-idri-images-full\Malignant\1.3.6.1.4.1.14519.5.2.1.6279.6001.627998298349675613581885874395.png,Malignant,LIDC::LIDC-IDRI-0625,LIDC-IDRI,radiolog+patologi,Malignant,Benign,0.8069023966789246
D:\skripsi\Dataset\lidc-idri-images-full\Benign\1.3.6.1.4.1.14519.5.2.1.6279.6001.674809958213117379592437424616.png,Benign,LIDC::LIDC-IDRI-0846,LIDC-IDRI,radiolog+patologi,Benign,Normal,0.4126351982355118
D:\skripsi\Dataset\lidc-idri-images-full\Malignant\1.3.6.1.4.1.14519.5.2.1.6279.6001.699408489230474820984000839814.png,Malignant,LIDC::LIDC-IDRI-0642,LIDC-IDRI,radiolog+patologi,Malignant,Benign,0.5644642651081085
D:\skripsi\Dataset\lidc-idri-images-full\Malignant\1.3.6.1.4.1.14519.5.2.1.6279.6001.712472578497712558367294720243.png,Malignant,LIDC::LIDC-IDRI-0106,LIDC-IDRI,radiolog+patologi,Malignant,Benign,0.8399605751037598
D:\skripsi\Dataset\lidc-idri-images-full\Benign\1.3.6.1.4.1.14519.5.2.1.6279.6001.811825890493256320617655474043.png,Benign,LIDC::LIDC-IDRI-0516,LIDC-IDRI,radiolog+patologi,Benign,Normal,0.4495909869670868
D:\skripsi\Dataset\lidc-idri-images-full\Malignant\1.3.6.1.4.1.14519.5.2.1.6279.6001.826829446346820089862659555750.png,Malignant,LIDC::LIDC-IDRI-0195,LIDC-IDRI,radiolog+patologi,Malignant,Benign,0.831564736366272
D:\skripsi\Dataset\lidc-idri-images-full\Malignant\1.3.6.1.4.1.14519.5.2.1.6279.6001.931383239747372227838946053237.png,Malignant,LIDC::LIDC-IDRI-0099,LIDC-IDRI,radiolog+patologi,Malignant,Benign,0.9329043507575989
D:\skripsi\Dataset\lidc-idri-images-full\Malignant\1.3.6.1.4.1.14519.5.2.1.6279.6001.115386642382564804180764325545.png,Malignant,LIDC::LIDC-IDRI-0874,LIDC-IDRI,radiolog+patologi,Malignant,Benign,0.5914174795150757
D:\skripsi\Dataset\lidc-idri-images-full\Malignant\1.3.6.1.4.1.14519.5.2.1.6279.6001.149463915556499304732434215056.png,Malignant,LIDC::LIDC-IDRI-0500,LIDC-IDRI,radiolog+patologi,Malignant,Benign,0.8066019654273987
D:\skripsi\Dataset\lidc-idri-images-full\Malignant\1.3.6.1.4.1.14519.5.2.1.6279.6001.152944699527354927160275613434.png,Malignant,LIDC::LIDC-IDRI-0949,LIDC-IDRI,radiolog+patologi,Malignant,Benign,0.7220747292041779
D:\skripsi\Dataset\lidc-idri-images-full\Malignant\1.3.6.1.4.1.14519.5.2.1.6279.6001.173556680294801532247454313511.png,Malignant,LIDC::LIDC-IDRI-0591,LIDC-IDRI,radiolog+patologi,Malignant,Benign,0.4523837059736252
D:\skripsi\Dataset\lidc-idri-images-full\Malignant\1.3.6.1.4.1.14519.5.2.1.6279.6001.227796349777753378641347819780.png,Malignant,LIDC::LIDC-IDRI-0637,LIDC-IDRI,radiolog+patologi,Malignant,Benign,0.841864788532257
D:\skripsi\Dataset\lidc-idri-images-full\Malignant\1.3.6.1.4.1.14519.5.2.1.6279.6001.230416590143922549745658357505.png,Malignant,LIDC::LIDC-IDRI-0452,LIDC-IDRI,radiolog+patologi,Malignant,Benign,0.5879522502422333
D:\skripsi\Dataset\lidc-idri-images-full\Malignant\1.3.6.1.4.1.14519.5.2.1.6279.6001.230675342744370103160629638194.png,Malignant,LIDC::LIDC-IDRI-0969,LIDC-IDRI,radiolog+patologi,Malignant,Benign,0.7448825359344483
D:\skripsi\Dataset\lidc-idri-images-full\Malignant\1.3.6.1.4.1.14519.5.2.1.6279.6001.244442540088515471945035689377.png,Malignant,LIDC::LIDC-IDRI-0717,LIDC-IDRI,radiolog+patologi,Malignant,Benign,0.5320051372051239
D:\skripsi\Dataset\lidc-idri-images-full\Benign\1.3.6.1.4.1.14519.5.2.1.6279.6001.268992195564407418480563388746.png,Benign,LIDC::LIDC-IDRI-0273,LIDC-IDRI,radiolog+patologi,Benign,Malignant,0.5187799572944641
D:\skripsi\Dataset\lidc-idri-images-full\Malignant\1.3.6.1.4.1.14519.5.2.1.6279.6001.275849601663847251574860892603.png,Malignant,LIDC::LIDC-IDRI-0558,LIDC-IDRI,radiolog+patologi,Malignant,Benign,0.5993975460529327
D:\skripsi\Dataset\lidc-idri-images-full\Benign\1.3.6.1.4.1.14519.5.2.1.6279.6001.281254424459536762125243157973.png,Benign,LIDC::LIDC-IDRI-0958,LIDC-IDRI,radiolog+patologi,Benign,Malignant,0.7986119270324707
D:\skripsi\Dataset\lidc-idri-images-full\Malignant\1.3.6.1.4.1.14519.5.2.1.6279.6001.300392272203629213913702120739.png,Malignant,LIDC::LIDC-IDRI-0792,LIDC-IDRI,radiolog+patologi,Malignant,Benign,0.6883093357086182
D:\skripsi\Dataset\lidc-idri-images-full\Malignant\1.3.6.1.4.1.14519.5.2.1.6279.6001.306788423710427765311352901943.png,Malignant,LIDC::LIDC-IDRI-0554,LIDC-IDRI,radiolog+patologi,Malignant,Benign,0.4646596431732178
D:\skripsi\Dataset\lidc-idri-images-full\Malignant\1.3.6.1.4.1.14519.5.2.1.6279.6001.367204840301639918160517361062.png,Malignant,LIDC::LIDC-IDRI-0177,LIDC-IDRI,radiolog+patologi,Malignant,Benign,0.531503999233246
D:\skripsi\Dataset\lidc-idri-images-full\Malignant\1.3.6.1.4.1.14519.5.2.1.6279.6001.479402560265137632920333093071.png,Malignant,LIDC::LIDC-IDRI-0076,LIDC-IDRI,radiolog+patologi,Malignant,Benign,0.5976932883262634
D:\skripsi\Dataset\lidc-idri-images-full\Malignant\1.3.6.1.4.1.14519.5.2.1.6279.6001.557875302364105947813979213632.png,Malignant,LIDC::LIDC-IDRI-0437,LIDC-IDRI,radiolog+patologi,Malignant,Benign,0.5578685104846954
D:\skripsi\Dataset\lidc-idri-images-full\Benign\1.3.6.1.4.1.14519.5.2.1.6279.6001.693480911433291675609148051914.png,Benign,LIDC::LIDC-IDRI-0405,LIDC-IDRI,radiolog+patologi,Benign,Malignant,0.8578516006469726
D:\skripsi\Dataset\lidc-idri-images-full\Malignant\1.3.6.1.4.1.14519.5.2.1.6279.6001.897279226481700053115245043064.png,Malignant,LIDC::LIDC-IDRI-0833,LIDC-IDRI,radiolog+patologi,Malignant,Benign,0.862277126312256
D:\skripsi\Dataset\lidc-idri-images-full\Malignant\1.3.6.1.4.1.14519.5.2.1.6279.6001.900182736599353600185270496549.png,Malignant,LIDC::LIDC-IDRI-0501,LIDC-IDRI,radiolog+patologi,Malignant,Benign,0.8088345408439637
D:\skripsi\Dataset\lidc-idri-images-full\Malignant\1.3.6.1.4.1.14519.5.2.1.6279.6001.957384617596077920906744920611.png,Malignant,LIDC::LIDC-IDRI-0320,LIDC-IDRI,radiolog+patologi,Malignant,Benign,0.8314784049987793
D:\skripsi\Dataset\lidc-idri-images-full\Normal\1.3.6.1.4.1.14519.5.2.1.6279.6001.111017101339429664883879536171.png,Normal,LIDC::LIDC-IDRI-0760,LIDC-IDRI,radiolog+patologi,Normal,Malignant,0.35116683244705205
D:\skripsi\Dataset\lidc-idri-images-full\Normal\1.3.6.1.4.1.14519.5.2.1.6279.6001.160216916075817913953530562493.png,Normal,LIDC::LIDC-IDRI-0316,LIDC-IDRI,radiolog+patologi,Normal,Benign,0.6615187883377075
D:\skripsi\Dataset\lidc-idri-images-full\Normal\1.3.6.1.4.1.14519.5.2.1.6279.6001.187803155574314810830688534991.png,Normal,LIDC::LIDC-IDRI-0992,LIDC-IDRI,radiolog+patologi,Normal,Malignant,0.5520940065383911
D:\skripsi\Dataset\lidc-idri-images-full\Normal\1.3.6.1.4.1.14519.5.2.1.6279.6001.188484197846284733942365679565.png,Normal,LIDC::LIDC-IDRI-0224,LIDC-IDRI,radiolog+patologi,Normal,Benign,0.6595214784145356
D:\skripsi\Dataset\lidc-idri-images-full\Normal\1.3.6.1.4.1.14519.5.2.1.6279.6001.191301539558980174217770205256.png,Normal,LIDC::LIDC-IDRI-0322,LIDC-IDRI,radiolog+patologi,Normal,Benign,0.8207858085632325
D:\skripsi\Dataset\lidc-idri-images-full\Normal\1.3.6.1.4.1.14519.5.2.1.6279.6001.210837812047373739447725050963.png,Normal,LIDC::LIDC-IDRI-0885,LIDC-IDRI,radiolog+patologi,Normal,Benign,0.7900825262069703
D:\skripsi\Dataset\lidc-idri-images-full\Normal\1.3.6.1.4.1.14519.5.2.1.6279.6001.220205300714852483483213840572.png,Normal,LIDC::LIDC-IDRI-0862,LIDC-IDRI,radiolog+patologi,Normal,Benign,0.45403547585010534
D:\skripsi\Dataset\lidc-idri-images-full\Normal\1.3.6.1.4.1.14519.5.2.1.6279.6001.253283426904813468115158375647.png,Normal,LIDC::LIDC-IDRI-0934,LIDC-IDRI,radiolog+patologi,Normal,Benign,0.48935359716415405
D:\skripsi\Dataset\lidc-idri-images-full\Normal\1.3.6.1.4.1.14519.5.2.1.6279.6001.272259794130271010519952623746.png,Normal,LIDC::LIDC-IDRI-0564,LIDC-IDRI,radiolog+patologi,Normal,Benign,0.7852372348308563
D:\skripsi\Dataset\lidc-idri-images-full\Normal\1.3.6.1.4.1.14519.5.2.1.6279.6001.286627485198831346082954437212.png,Normal,LIDC::LIDC-IDRI-0623,LIDC-IDRI,radiolog+patologi,Normal,Malignant,0.40988461971282963
D:\skripsi\Dataset\lidc-idri-images-full\Normal\1.3.6.1.4.1.14519.5.2.1.6279.6001.309955814083231537823157605135.png,Normal,LIDC::LIDC-IDRI-0931,LIDC-IDRI,radiolog+patologi,Normal,Benign,0.5833511233329773
D:\skripsi\Dataset\lidc-idri-images-full\Normal\1.3.6.1.4.1.14519.5.2.1.6279.6001.888615810685807330497715730842.png,Normal,LIDC::LIDC-IDRI-0689,LIDC-IDRI,radiolog+patologi,Normal,Malignant,0.3883953273296356
