threshold,accuracy,macro_f1,cancer_recall,cancer_precision
0.5,0.7567049808429118,0.7080311027998897,0.7112462006079028,0.9669421487603306
0.45,0.7624521072796935,0.7109108271112561,0.723404255319149,0.9635627530364372
0.4,0.7739463601532567,0.7175986336563612,0.7507598784194529,0.9536679536679536
0.35,0.7969348659003831,0.7321244883505318,0.8054711246200608,0.9363957597173145
0.3,0.8103448275862069,0.7362485906865874,0.8449848024316109,0.9205298013245033
0.25,0.8084291187739464,0.7127321605825344,0.8814589665653495,0.8868501529051988
0.2,0.8122605363984674,0.6962338397043227,0.9118541033434651,0.8645533141210374
0.15,0.8084291187739464,0.6684737125802721,0.9331306990881459,0.8457300275482094
0.1,0.7873563218390804,0.6270680670900505,0.9452887537993921,0.8120104438642297
